frame,local_frame,window_index,window_start_frame,object_type,text_prompt,sam3_track_id,x,y,area,bbox_x1,bbox_y1,bbox_x2,bbox_y2,bbox_width,bbox_height
1387,11,86,1376,robot,robot,0,693.4195046439628,369.3371517027864,3230,654,333,736,397,82,64
1388,12,86,1376,robot,robot,0,710.0003866228494,380.01894451962113,5173,668,330,753,425,85,95
1389,13,86,1376,robot,robot,0,716.8318999218139,378.53674745895233,5116,675,329,759,422,84,93
1390,14,86,1376,robot,robot,0,723.4056288132257,376.66679787443417,5081,682,327,766,420,84,93
1391,15,86,1376,robot,robot,0,729.1700543368887,374.94002817468305,4969,688,325,772,417,84,92
